--------------------------------------------------------
--  File created - Wednesday-August-17-2016   
--------------------------------------------------------
--------------------------------------------------------
--  DDL for Sequence BORROWER_SEQ
--------------------------------------------------------

   CREATE SEQUENCE  "BEARSHARK"."BORROWER_SEQ"  MINVALUE 1 MAXVALUE 9999999999999999999999999999 INCREMENT BY 1 START WITH 81 CACHE 20 NOORDER  NOCYCLE ;
--------------------------------------------------------
--  DDL for Sequence LENDER_SEQ
--------------------------------------------------------

   CREATE SEQUENCE  "BEARSHARK"."LENDER_SEQ"  MINVALUE 1 MAXVALUE 9999999999999999999999999999 INCREMENT BY 1 START WITH 81 CACHE 20 NOORDER  NOCYCLE ;
--------------------------------------------------------
--  DDL for Sequence LOANS_SEQ
--------------------------------------------------------

   CREATE SEQUENCE  "BEARSHARK"."LOANS_SEQ"  MINVALUE 1 MAXVALUE 9999999999999999999999999999 INCREMENT BY 1 START WITH 61 CACHE 20 NOORDER  NOCYCLE ;
--------------------------------------------------------
--  DDL for Sequence POOLS_SEQ
--------------------------------------------------------

   CREATE SEQUENCE  "BEARSHARK"."POOLS_SEQ"  MINVALUE 1 MAXVALUE 9999999999999999999999999999 INCREMENT BY 1 START WITH 21 CACHE 20 NOORDER  NOCYCLE ;
--------------------------------------------------------
--  DDL for Table BORROWER
--------------------------------------------------------

  CREATE TABLE "BEARSHARK"."BORROWER" 
   (	"BORROWER_ID" NUMBER, 
	"FIRST_NAME" VARCHAR2(100 BYTE), 
	"LAST_NAME" VARCHAR2(100 BYTE), 
	"CREDIT_SCORE" NUMBER, 
	"ZIP_CODE" VARCHAR2(5 BYTE)
   ) SEGMENT CREATION IMMEDIATE 
  PCTFREE 10 PCTUSED 40 INITRANS 1 MAXTRANS 255 NOCOMPRESS LOGGING
  STORAGE(INITIAL 65536 NEXT 1048576 MINEXTENTS 1 MAXEXTENTS 2147483645
  PCTINCREASE 0 FREELISTS 1 FREELIST GROUPS 1 BUFFER_POOL DEFAULT FLASH_CACHE DEFAULT CELL_FLASH_CACHE DEFAULT)
  TABLESPACE "USERS" ;
--------------------------------------------------------
--  DDL for Table LENDERS
--------------------------------------------------------

  CREATE TABLE "BEARSHARK"."LENDERS" 
   (	"LENDER_ID" NUMBER, 
	"LENDER_NAME" VARCHAR2(20 BYTE), 
	"LENDER_ZIPCODE" VARCHAR2(5 BYTE)
   ) SEGMENT CREATION IMMEDIATE 
  PCTFREE 10 PCTUSED 40 INITRANS 1 MAXTRANS 255 NOCOMPRESS LOGGING
  STORAGE(INITIAL 65536 NEXT 1048576 MINEXTENTS 1 MAXEXTENTS 2147483645
  PCTINCREASE 0 FREELISTS 1 FREELIST GROUPS 1 BUFFER_POOL DEFAULT FLASH_CACHE DEFAULT CELL_FLASH_CACHE DEFAULT)
  TABLESPACE "USERS" ;
--------------------------------------------------------
--  DDL for Table LOANS
--------------------------------------------------------

  CREATE TABLE "BEARSHARK"."LOANS" 
   (	"LOAN_ID" NUMBER, 
	"LOAN_APR" NUMBER(5,4), 
	"LOAN_PRINCIPAL" NUMBER, 
	"LOAN_START_DATE" DATE, 
	"LOAN_LAST_UPDATE" DATE, 
	"LOAN_IS_ADJUSTABLE" NUMBER(1,0), 
	"BORROWER_ID" NUMBER, 
	"LENDER_ID" NUMBER
   ) SEGMENT CREATION IMMEDIATE 
  PCTFREE 10 PCTUSED 40 INITRANS 1 MAXTRANS 255 NOCOMPRESS LOGGING
  STORAGE(INITIAL 65536 NEXT 1048576 MINEXTENTS 1 MAXEXTENTS 2147483645
  PCTINCREASE 0 FREELISTS 1 FREELIST GROUPS 1 BUFFER_POOL DEFAULT FLASH_CACHE DEFAULT CELL_FLASH_CACHE DEFAULT)
  TABLESPACE "USERS" ;
--------------------------------------------------------
--  DDL for Table POOLS
--------------------------------------------------------

  CREATE TABLE "BEARSHARK"."POOLS" 
   (	"POOL_ID" NUMBER, 
	"INITIAL_TOTAL" NUMBER, 
	"INITIAL_APR" NUMBER(5,4), 
	"CREATION_DATE" DATE
   ) SEGMENT CREATION IMMEDIATE 
  PCTFREE 10 PCTUSED 40 INITRANS 1 MAXTRANS 255 NOCOMPRESS LOGGING
  STORAGE(INITIAL 65536 NEXT 1048576 MINEXTENTS 1 MAXEXTENTS 2147483645
  PCTINCREASE 0 FREELISTS 1 FREELIST GROUPS 1 BUFFER_POOL DEFAULT FLASH_CACHE DEFAULT CELL_FLASH_CACHE DEFAULT)
  TABLESPACE "USERS" ;
--------------------------------------------------------
--  DDL for Table POOL_LOANS
--------------------------------------------------------

  CREATE TABLE "BEARSHARK"."POOL_LOANS" 
   (	"LOAN_ID" NUMBER, 
	"POOL_ID" NUMBER
   ) SEGMENT CREATION IMMEDIATE 
  PCTFREE 10 PCTUSED 40 INITRANS 1 MAXTRANS 255 NOCOMPRESS LOGGING
  STORAGE(INITIAL 65536 NEXT 1048576 MINEXTENTS 1 MAXEXTENTS 2147483645
  PCTINCREASE 0 FREELISTS 1 FREELIST GROUPS 1 BUFFER_POOL DEFAULT FLASH_CACHE DEFAULT CELL_FLASH_CACHE DEFAULT)
  TABLESPACE "USERS" ;
REM INSERTING into BEARSHARK.BORROWER
SET DEFINE OFF;
Insert into BEARSHARK.BORROWER (BORROWER_ID,FIRST_NAME,LAST_NAME,CREDIT_SCORE,ZIP_CODE) values (42,'Mike','Antonio',571,'48901');
Insert into BEARSHARK.BORROWER (BORROWER_ID,FIRST_NAME,LAST_NAME,CREDIT_SCORE,ZIP_CODE) values (43,'Mike','Antonio',571,'48901');
Insert into BEARSHARK.BORROWER (BORROWER_ID,FIRST_NAME,LAST_NAME,CREDIT_SCORE,ZIP_CODE) values (44,'Mike','Antonio',571,'48901');
Insert into BEARSHARK.BORROWER (BORROWER_ID,FIRST_NAME,LAST_NAME,CREDIT_SCORE,ZIP_CODE) values (46,'Mike','Antonio',571,'48901');
Insert into BEARSHARK.BORROWER (BORROWER_ID,FIRST_NAME,LAST_NAME,CREDIT_SCORE,ZIP_CODE) values (47,'Mike','Antonio',571,'48901');
Insert into BEARSHARK.BORROWER (BORROWER_ID,FIRST_NAME,LAST_NAME,CREDIT_SCORE,ZIP_CODE) values (48,'Mike','Antonio',571,'48901');
Insert into BEARSHARK.BORROWER (BORROWER_ID,FIRST_NAME,LAST_NAME,CREDIT_SCORE,ZIP_CODE) values (61,'Mike','Antonio',571,'48901');
Insert into BEARSHARK.BORROWER (BORROWER_ID,FIRST_NAME,LAST_NAME,CREDIT_SCORE,ZIP_CODE) values (41,'Mike','Antonio',571,'48901');
Insert into BEARSHARK.BORROWER (BORROWER_ID,FIRST_NAME,LAST_NAME,CREDIT_SCORE,ZIP_CODE) values (45,'Mike','Antonio',571,'48901');
Insert into BEARSHARK.BORROWER (BORROWER_ID,FIRST_NAME,LAST_NAME,CREDIT_SCORE,ZIP_CODE) values (49,'Mike','Antonio',571,'48901');
Insert into BEARSHARK.BORROWER (BORROWER_ID,FIRST_NAME,LAST_NAME,CREDIT_SCORE,ZIP_CODE) values (1,'brady','ripple',1,'28937');
Insert into BEARSHARK.BORROWER (BORROWER_ID,FIRST_NAME,LAST_NAME,CREDIT_SCORE,ZIP_CODE) values (21,'John','Smith',2,'98765');
REM INSERTING into BEARSHARK.LENDERS
SET DEFINE OFF;
Insert into BEARSHARK.LENDERS (LENDER_ID,LENDER_NAME,LENDER_ZIPCODE) values (1,'CIA','23665');
Insert into BEARSHARK.LENDERS (LENDER_ID,LENDER_NAME,LENDER_ZIPCODE) values (12,'asdfghjklz','12345');
Insert into BEARSHARK.LENDERS (LENDER_ID,LENDER_NAME,LENDER_ZIPCODE) values (13,'asdfghjklz','12345');
Insert into BEARSHARK.LENDERS (LENDER_ID,LENDER_NAME,LENDER_ZIPCODE) values (14,'asdfghjklz','12345');
Insert into BEARSHARK.LENDERS (LENDER_ID,LENDER_NAME,LENDER_ZIPCODE) values (15,'ioweeiowje','jfids');
Insert into BEARSHARK.LENDERS (LENDER_ID,LENDER_NAME,LENDER_ZIPCODE) values (42,'Quinn','40912');
Insert into BEARSHARK.LENDERS (LENDER_ID,LENDER_NAME,LENDER_ZIPCODE) values (43,'Quinn','40912');
Insert into BEARSHARK.LENDERS (LENDER_ID,LENDER_NAME,LENDER_ZIPCODE) values (44,'Quinn','40912');
Insert into BEARSHARK.LENDERS (LENDER_ID,LENDER_NAME,LENDER_ZIPCODE) values (45,'Quinn','40912');
Insert into BEARSHARK.LENDERS (LENDER_ID,LENDER_NAME,LENDER_ZIPCODE) values (46,'Quinn','40912');
Insert into BEARSHARK.LENDERS (LENDER_ID,LENDER_NAME,LENDER_ZIPCODE) values (47,'Quinn','40912');
Insert into BEARSHARK.LENDERS (LENDER_ID,LENDER_NAME,LENDER_ZIPCODE) values (48,'Quinn','40912');
Insert into BEARSHARK.LENDERS (LENDER_ID,LENDER_NAME,LENDER_ZIPCODE) values (61,'Quinn','40912');
Insert into BEARSHARK.LENDERS (LENDER_ID,LENDER_NAME,LENDER_ZIPCODE) values (2,'jfkewdjiof','12345');
Insert into BEARSHARK.LENDERS (LENDER_ID,LENDER_NAME,LENDER_ZIPCODE) values (3,'jfkewdjiof','12345');
Insert into BEARSHARK.LENDERS (LENDER_ID,LENDER_NAME,LENDER_ZIPCODE) values (41,'Quinn','40912');
Insert into BEARSHARK.LENDERS (LENDER_ID,LENDER_NAME,LENDER_ZIPCODE) values (49,'Quinn','40912');
Insert into BEARSHARK.LENDERS (LENDER_ID,LENDER_NAME,LENDER_ZIPCODE) values (7,'123','i don');
Insert into BEARSHARK.LENDERS (LENDER_ID,LENDER_NAME,LENDER_ZIPCODE) values (5,'tcu','46202');
Insert into BEARSHARK.LENDERS (LENDER_ID,LENDER_NAME,LENDER_ZIPCODE) values (6,'tcu','46200');
Insert into BEARSHARK.LENDERS (LENDER_ID,LENDER_NAME,LENDER_ZIPCODE) values (8,'potato','idk');
Insert into BEARSHARK.LENDERS (LENDER_ID,LENDER_NAME,LENDER_ZIPCODE) values (9,'potato','idk');
Insert into BEARSHARK.LENDERS (LENDER_ID,LENDER_NAME,LENDER_ZIPCODE) values (10,'potato','idk');
Insert into BEARSHARK.LENDERS (LENDER_ID,LENDER_NAME,LENDER_ZIPCODE) values (11,'asdfghjklz','12345');
Insert into BEARSHARK.LENDERS (LENDER_ID,LENDER_NAME,LENDER_ZIPCODE) values (16,null,'34895');
Insert into BEARSHARK.LENDERS (LENDER_ID,LENDER_NAME,LENDER_ZIPCODE) values (17,null,'34895');
Insert into BEARSHARK.LENDERS (LENDER_ID,LENDER_NAME,LENDER_ZIPCODE) values (21,'RevLoans','26123');
REM INSERTING into BEARSHARK.LOANS
SET DEFINE OFF;
Insert into BEARSHARK.LOANS (LOAN_ID,LOAN_APR,LOAN_PRINCIPAL,LOAN_START_DATE,LOAN_LAST_UPDATE,LOAN_IS_ADJUSTABLE,BORROWER_ID,LENDER_ID) values (21,1.25,1000000,to_date('06-FEB-23','DD-MON-RR'),to_date('06-FEB-23','DD-MON-RR'),1,41,1);
Insert into BEARSHARK.LOANS (LOAN_ID,LOAN_APR,LOAN_PRINCIPAL,LOAN_START_DATE,LOAN_LAST_UPDATE,LOAN_IS_ADJUSTABLE,BORROWER_ID,LENDER_ID) values (22,1.25,1000000,to_date('06-FEB-23','DD-MON-RR'),to_date('06-FEB-23','DD-MON-RR'),1,42,1);
Insert into BEARSHARK.LOANS (LOAN_ID,LOAN_APR,LOAN_PRINCIPAL,LOAN_START_DATE,LOAN_LAST_UPDATE,LOAN_IS_ADJUSTABLE,BORROWER_ID,LENDER_ID) values (23,1.25,1000000,to_date('06-FEB-23','DD-MON-RR'),to_date('06-FEB-23','DD-MON-RR'),1,42,1);
Insert into BEARSHARK.LOANS (LOAN_ID,LOAN_APR,LOAN_PRINCIPAL,LOAN_START_DATE,LOAN_LAST_UPDATE,LOAN_IS_ADJUSTABLE,BORROWER_ID,LENDER_ID) values (24,1.25,1000000,to_date('06-FEB-23','DD-MON-RR'),to_date('06-FEB-23','DD-MON-RR'),1,42,1);
Insert into BEARSHARK.LOANS (LOAN_ID,LOAN_APR,LOAN_PRINCIPAL,LOAN_START_DATE,LOAN_LAST_UPDATE,LOAN_IS_ADJUSTABLE,BORROWER_ID,LENDER_ID) values (25,1.25,1000000,to_date('06-FEB-23','DD-MON-RR'),to_date('06-FEB-23','DD-MON-RR'),1,42,1);
Insert into BEARSHARK.LOANS (LOAN_ID,LOAN_APR,LOAN_PRINCIPAL,LOAN_START_DATE,LOAN_LAST_UPDATE,LOAN_IS_ADJUSTABLE,BORROWER_ID,LENDER_ID) values (26,1.25,1000000,to_date('06-FEB-23','DD-MON-RR'),to_date('06-FEB-23','DD-MON-RR'),1,42,1);
Insert into BEARSHARK.LOANS (LOAN_ID,LOAN_APR,LOAN_PRINCIPAL,LOAN_START_DATE,LOAN_LAST_UPDATE,LOAN_IS_ADJUSTABLE,BORROWER_ID,LENDER_ID) values (27,1.25,1000000,to_date('06-FEB-23','DD-MON-RR'),to_date('06-FEB-23','DD-MON-RR'),1,42,1);
Insert into BEARSHARK.LOANS (LOAN_ID,LOAN_APR,LOAN_PRINCIPAL,LOAN_START_DATE,LOAN_LAST_UPDATE,LOAN_IS_ADJUSTABLE,BORROWER_ID,LENDER_ID) values (28,1.25,1000000,to_date('06-FEB-23','DD-MON-RR'),to_date('06-FEB-23','DD-MON-RR'),1,42,1);
Insert into BEARSHARK.LOANS (LOAN_ID,LOAN_APR,LOAN_PRINCIPAL,LOAN_START_DATE,LOAN_LAST_UPDATE,LOAN_IS_ADJUSTABLE,BORROWER_ID,LENDER_ID) values (41,1.25,1000000,to_date('06-FEB-23','DD-MON-RR'),to_date('06-FEB-23','DD-MON-RR'),1,42,1);
Insert into BEARSHARK.LOANS (LOAN_ID,LOAN_APR,LOAN_PRINCIPAL,LOAN_START_DATE,LOAN_LAST_UPDATE,LOAN_IS_ADJUSTABLE,BORROWER_ID,LENDER_ID) values (29,1.25,1000000,to_date('06-FEB-23','DD-MON-RR'),to_date('06-FEB-23','DD-MON-RR'),1,42,1);
Insert into BEARSHARK.LOANS (LOAN_ID,LOAN_APR,LOAN_PRINCIPAL,LOAN_START_DATE,LOAN_LAST_UPDATE,LOAN_IS_ADJUSTABLE,BORROWER_ID,LENDER_ID) values (1,0.25,5000000,to_date('06-FEB-18','DD-MON-RR'),to_date('06-FEB-18','DD-MON-RR'),0,21,1);
Insert into BEARSHARK.LOANS (LOAN_ID,LOAN_APR,LOAN_PRINCIPAL,LOAN_START_DATE,LOAN_LAST_UPDATE,LOAN_IS_ADJUSTABLE,BORROWER_ID,LENDER_ID) values (2,2,100000,to_date('06-FEB-18','DD-MON-RR'),to_date('06-FEB-18','DD-MON-RR'),1,1,7);
Insert into BEARSHARK.LOANS (LOAN_ID,LOAN_APR,LOAN_PRINCIPAL,LOAN_START_DATE,LOAN_LAST_UPDATE,LOAN_IS_ADJUSTABLE,BORROWER_ID,LENDER_ID) values (3,2,100000,to_date('06-FEB-18','DD-MON-RR'),to_date('06-FEB-18','DD-MON-RR'),1,1,7);
REM INSERTING into BEARSHARK.POOLS
SET DEFINE OFF;
Insert into BEARSHARK.POOLS (POOL_ID,INITIAL_TOTAL,INITIAL_APR,CREATION_DATE) values (1,5200000,0.3173,to_date('17-AUG-16','DD-MON-RR'));
REM INSERTING into BEARSHARK.POOL_LOANS
SET DEFINE OFF;
Insert into BEARSHARK.POOL_LOANS (LOAN_ID,POOL_ID) values (1,1);
Insert into BEARSHARK.POOL_LOANS (LOAN_ID,POOL_ID) values (2,1);
Insert into BEARSHARK.POOL_LOANS (LOAN_ID,POOL_ID) values (3,1);
--------------------------------------------------------
--  DDL for Index LEND_PK
--------------------------------------------------------

  CREATE UNIQUE INDEX "BEARSHARK"."LEND_PK" ON "BEARSHARK"."LENDERS" ("LENDER_ID") 
  PCTFREE 10 INITRANS 2 MAXTRANS 255 COMPUTE STATISTICS 
  STORAGE(INITIAL 65536 NEXT 1048576 MINEXTENTS 1 MAXEXTENTS 2147483645
  PCTINCREASE 0 FREELISTS 1 FREELIST GROUPS 1 BUFFER_POOL DEFAULT FLASH_CACHE DEFAULT CELL_FLASH_CACHE DEFAULT)
  TABLESPACE "USERS" ;
--------------------------------------------------------
--  DDL for Index LOAN_POOL_PK
--------------------------------------------------------

  CREATE UNIQUE INDEX "BEARSHARK"."LOAN_POOL_PK" ON "BEARSHARK"."POOL_LOANS" ("LOAN_ID", "POOL_ID") 
  PCTFREE 10 INITRANS 2 MAXTRANS 255 COMPUTE STATISTICS 
  STORAGE(INITIAL 65536 NEXT 1048576 MINEXTENTS 1 MAXEXTENTS 2147483645
  PCTINCREASE 0 FREELISTS 1 FREELIST GROUPS 1 BUFFER_POOL DEFAULT FLASH_CACHE DEFAULT CELL_FLASH_CACHE DEFAULT)
  TABLESPACE "USERS" ;
--------------------------------------------------------
--  DDL for Index ID_PK
--------------------------------------------------------

  CREATE UNIQUE INDEX "BEARSHARK"."ID_PK" ON "BEARSHARK"."LOANS" ("LOAN_ID") 
  PCTFREE 10 INITRANS 2 MAXTRANS 255 COMPUTE STATISTICS 
  STORAGE(INITIAL 65536 NEXT 1048576 MINEXTENTS 1 MAXEXTENTS 2147483645
  PCTINCREASE 0 FREELISTS 1 FREELIST GROUPS 1 BUFFER_POOL DEFAULT FLASH_CACHE DEFAULT CELL_FLASH_CACHE DEFAULT)
  TABLESPACE "USERS" ;
--------------------------------------------------------
--  DDL for Index BORROWER_PK
--------------------------------------------------------

  CREATE UNIQUE INDEX "BEARSHARK"."BORROWER_PK" ON "BEARSHARK"."BORROWER" ("BORROWER_ID") 
  PCTFREE 10 INITRANS 2 MAXTRANS 255 COMPUTE STATISTICS 
  STORAGE(INITIAL 65536 NEXT 1048576 MINEXTENTS 1 MAXEXTENTS 2147483645
  PCTINCREASE 0 FREELISTS 1 FREELIST GROUPS 1 BUFFER_POOL DEFAULT FLASH_CACHE DEFAULT CELL_FLASH_CACHE DEFAULT)
  TABLESPACE "USERS" ;
--------------------------------------------------------
--  DDL for Index POOLS_PK
--------------------------------------------------------

  CREATE UNIQUE INDEX "BEARSHARK"."POOLS_PK" ON "BEARSHARK"."POOLS" ("POOL_ID") 
  PCTFREE 10 INITRANS 2 MAXTRANS 255 COMPUTE STATISTICS 
  STORAGE(INITIAL 65536 NEXT 1048576 MINEXTENTS 1 MAXEXTENTS 2147483645
  PCTINCREASE 0 FREELISTS 1 FREELIST GROUPS 1 BUFFER_POOL DEFAULT FLASH_CACHE DEFAULT CELL_FLASH_CACHE DEFAULT)
  TABLESPACE "USERS" ;
--------------------------------------------------------
--  Constraints for Table LOANS
--------------------------------------------------------

  ALTER TABLE "BEARSHARK"."LOANS" ADD CONSTRAINT "ID_PK" PRIMARY KEY ("LOAN_ID")
  USING INDEX PCTFREE 10 INITRANS 2 MAXTRANS 255 COMPUTE STATISTICS 
  STORAGE(INITIAL 65536 NEXT 1048576 MINEXTENTS 1 MAXEXTENTS 2147483645
  PCTINCREASE 0 FREELISTS 1 FREELIST GROUPS 1 BUFFER_POOL DEFAULT FLASH_CACHE DEFAULT CELL_FLASH_CACHE DEFAULT)
  TABLESPACE "USERS"  ENABLE;
--------------------------------------------------------
--  Constraints for Table POOLS
--------------------------------------------------------

  ALTER TABLE "BEARSHARK"."POOLS" ADD CONSTRAINT "POOLS_PK" PRIMARY KEY ("POOL_ID")
  USING INDEX PCTFREE 10 INITRANS 2 MAXTRANS 255 COMPUTE STATISTICS 
  STORAGE(INITIAL 65536 NEXT 1048576 MINEXTENTS 1 MAXEXTENTS 2147483645
  PCTINCREASE 0 FREELISTS 1 FREELIST GROUPS 1 BUFFER_POOL DEFAULT FLASH_CACHE DEFAULT CELL_FLASH_CACHE DEFAULT)
  TABLESPACE "USERS"  ENABLE;
--------------------------------------------------------
--  Constraints for Table BORROWER
--------------------------------------------------------

  ALTER TABLE "BEARSHARK"."BORROWER" ADD CONSTRAINT "BORROWER_PK" PRIMARY KEY ("BORROWER_ID")
  USING INDEX PCTFREE 10 INITRANS 2 MAXTRANS 255 COMPUTE STATISTICS 
  STORAGE(INITIAL 65536 NEXT 1048576 MINEXTENTS 1 MAXEXTENTS 2147483645
  PCTINCREASE 0 FREELISTS 1 FREELIST GROUPS 1 BUFFER_POOL DEFAULT FLASH_CACHE DEFAULT CELL_FLASH_CACHE DEFAULT)
  TABLESPACE "USERS"  ENABLE;
--------------------------------------------------------
--  Constraints for Table LENDERS
--------------------------------------------------------

  ALTER TABLE "BEARSHARK"."LENDERS" ADD CONSTRAINT "LEND_PK" PRIMARY KEY ("LENDER_ID")
  USING INDEX PCTFREE 10 INITRANS 2 MAXTRANS 255 COMPUTE STATISTICS 
  STORAGE(INITIAL 65536 NEXT 1048576 MINEXTENTS 1 MAXEXTENTS 2147483645
  PCTINCREASE 0 FREELISTS 1 FREELIST GROUPS 1 BUFFER_POOL DEFAULT FLASH_CACHE DEFAULT CELL_FLASH_CACHE DEFAULT)
  TABLESPACE "USERS"  ENABLE;
--------------------------------------------------------
--  Constraints for Table POOL_LOANS
--------------------------------------------------------

  ALTER TABLE "BEARSHARK"."POOL_LOANS" ADD CONSTRAINT "LOAN_POOL_PK" PRIMARY KEY ("LOAN_ID", "POOL_ID")
  USING INDEX PCTFREE 10 INITRANS 2 MAXTRANS 255 COMPUTE STATISTICS 
  STORAGE(INITIAL 65536 NEXT 1048576 MINEXTENTS 1 MAXEXTENTS 2147483645
  PCTINCREASE 0 FREELISTS 1 FREELIST GROUPS 1 BUFFER_POOL DEFAULT FLASH_CACHE DEFAULT CELL_FLASH_CACHE DEFAULT)
  TABLESPACE "USERS"  ENABLE;
--------------------------------------------------------
--  Ref Constraints for Table LOANS
--------------------------------------------------------

  ALTER TABLE "BEARSHARK"."LOANS" ADD CONSTRAINT "LEND_FK" FOREIGN KEY ("LENDER_ID")
	  REFERENCES "BEARSHARK"."LENDERS" ("LENDER_ID") ENABLE;
--------------------------------------------------------
--  Ref Constraints for Table POOL_LOANS
--------------------------------------------------------

  ALTER TABLE "BEARSHARK"."POOL_LOANS" ADD CONSTRAINT "LOAN_FK" FOREIGN KEY ("LOAN_ID")
	  REFERENCES "BEARSHARK"."LOANS" ("LOAN_ID") ENABLE;
  ALTER TABLE "BEARSHARK"."POOL_LOANS" ADD CONSTRAINT "POOL_FK" FOREIGN KEY ("POOL_ID")
	  REFERENCES "BEARSHARK"."POOLS" ("POOL_ID") ENABLE;
--------------------------------------------------------
--  DDL for Trigger BORROWER_TRIG
--------------------------------------------------------

  CREATE OR REPLACE TRIGGER "BEARSHARK"."BORROWER_TRIG" 
  before insert on borrower
  for each row
  begin
    select borrower_seq.nextval into :new.borrower_id from dual;
  end;
/
ALTER TRIGGER "BEARSHARK"."BORROWER_TRIG" ENABLE;
--------------------------------------------------------
--  DDL for Trigger LENDER_TRIG
--------------------------------------------------------

  CREATE OR REPLACE TRIGGER "BEARSHARK"."LENDER_TRIG" 
  before insert on lenders
  for each row
  begin
    select lender_seq.nextval into :new.lender_id from dual;
  end; --
/
ALTER TRIGGER "BEARSHARK"."LENDER_TRIG" ENABLE;
--------------------------------------------------------
--  DDL for Trigger LOAN_TRIG
--------------------------------------------------------

  CREATE OR REPLACE TRIGGER "BEARSHARK"."LOAN_TRIG" 
before insert on Loans
for each row begin 
select Loans_seq.nextval into :new.Loan_ID from dual;
end; --
/
ALTER TRIGGER "BEARSHARK"."LOAN_TRIG" ENABLE;
--------------------------------------------------------
--  DDL for Trigger POOLS_TRIG
--------------------------------------------------------

  CREATE OR REPLACE TRIGGER "BEARSHARK"."POOLS_TRIG" 
  before insert on pools
  for each row
  begin
    select pools_seq.nextval into :new.pool_id from dual;
  end;
/
ALTER TRIGGER "BEARSHARK"."POOLS_TRIG" ENABLE;
